DELETE FROM medium;
INSERT INTO medium(medium_id, name)
VALUES (1,"Bangla Version"), (2,"English Version"), (3,"English Medium");

DELETE FROM class;
INSERT INTO class(class_id, name, medium_id)
VALUES (1, "Class 12", 1),
  (2, "Class 11", 1),
  (3, "Class 10", 1),
  (4, "Class 9", 1),
  (5, "Class 8", 1),
  (6, "Class 7", 1),
  (7, "Class 6", 1),
  (8, "Class 5", 1),
  (9, "Class 4", 1),
  (10, "Class 3", 1),
  (11, "Class 2", 1),
  (12, "Class 1", 1),
  (13, "Engineering Admission", 1),
  (14, "Medical Admission", 1),
  (15, "University Admission", 1),
  (16, "Class 12", 2),
  (17, "Class 11", 2),
  (18, "Class 10", 2),
  (19, "Class 9", 2),
  (20, "Class 8", 2),
  (21, "Class 7", 2),
  (22, "Class 6", 2),
  (23, "Class 5", 2),
  (24, "Class 4", 2),
  (25, "Class 3", 2),
  (26, "Class 2", 2),
  (27, "Class 1", 2),
  (28, "Engineering Admission", 2),
  (29, "Medical Admission", 2),
  (30, "University Admission", 2),
  (31, "A Level(A2)", 3),
  (32, "A Level(AS)", 3),
  (33, "O Level", 3),
  (34, "Standard 9", 3),
  (35, "Standard 8", 3),
  (36, "Standard 7", 3),
  (37, "Standard 6", 3),
  (38, "Standard 5", 3),
  (39, "Standard 4", 3),
  (40, "Standard 3", 3),
  (41, "Standard 2", 3),
  (42, "Standard 1", 3),
  (43, "KG-II", 3),
  (44, "KG-I", 3),
  (45, "Nursery", 3),
  (46, "Play Group", 3);

DELETE FROM subject;
INSERT INTO subject(subject_id, name, class_id)
VALUES (1, "Bangla", 1),
  (2, "English", 1),
  (3, "ICT", 1),
  (4, "Physics", 1),
  (5, "Chemistry", 1),
  (6, "Higher Math", 1),
  (7, "Biology", 1),
  (8, "Accounting", 1),
  (9, "Finance", 1),
  (10, "Marketing", 1),
  (11, "Management", 1),
  (12, "Statistics", 1),
  (13, "Computer", 1),
  (14, "Secretarial Science and Office Management", 1),
  (15, "Business Enterprises and Practical Management", 1),
  (16, "Business Policies and Applications", 1),
  (17, "Agriculture", 1),
  (18, "Geography", 1),
  (19, "History", 1),
  (20, "Sociology", 1),
  (21, "Social Work", 1),
  (22, "Islamic Studies", 1),
  (23, "Islamic History", 1),
  (24, "Economics", 1),
  (25, "Civics", 1),
  (26, "Logic", 1),
  (27, "Psychology", 1),
  (28, "Classical Music", 1),
  (29, "Dramatics", 1),
  (30, "Arts and Crafts", 1),
  (31, "Food and Nutrition", 1),
  (32, "Soil Science", 1),
  (33, "Tourism and Hospitality", 1),

  #         class 11
  (34, "Bangla", 2),
  (35, "English", 2),
  (36, "ICT", 2),
  (37, "Physics", 2),
  (38, "Chemistry", 2),
  (39, "Higher Math", 2),
  (40, "Biology", 2),
  (41, "Accounting", 2),
  (42, "Finance", 2),
  (43, "Marketing", 2),
  (44, "Management", 2),
  (45, "Statistics", 2),
  (46, "Computer", 2),
  (47, "Secretarial Science and Office Management", 2),
  (48, "Business Enterprises and Practical Management", 2),
  (49, "Business Policies and Applications", 2),
  (50, "Agriculture", 2),
  (51, "Geography", 2),
  (52, "History", 2),
  (53, "Sociology", 2),
  (54, "Social Work", 2),
  (55, "Islamic Studies", 2),
  (56, "Islamic History", 2),
  (57, "Economics", 2),
  (58, "Civics", 2),
  (59, "Logic", 2),
  (60, "Psychology", 2),
  (61, "Classical Music", 2),
  (62, "Dramatics", 2),
  (63, "Arts and Crafts", 2),
  (64, "Food and Nutrition", 2),
  (65, "Soil Science", 2),
  (66, "Tourism and Hospitality", 2),

  #         class 10
  (67, "Bangla", 3),
  (68, "English", 3),
  (69, "Math", 3),
  (70, "ICT", 3),
  (71, "Physics", 3),
  (72, "Chemistry", 3),
  (73, "Biology", 3),
  (74, "Higher Math", 3),
  (75, "Accounting", 3),
  (76, "Finance", 3),
  (77, "Babosay Udyag", 3),
  (78, "Science", 3),
  (79, "History of Bangladesh and World", 3),
  (80, "Geography and Environment", 3),
  (81, "Economics", 3),
  (82, "Civics and Citizenship", 3),
  (83, "Islam Religion", 3),
  (84, "Hindu Religion", 3),
  (85, "Christian Religion", 3),
  (86, "Agriculture Studies", 3),
  (87, "Home Science", 3),
  (88, "Arts and Crafts", 3),

  #         class 9
  (89, "Bangla", 4),
  (90, "English", 4),
  (91, "Math", 4),
  (92, "ICT", 4),
  (93, "Physics", 4),
  (94, "Chemistry", 4),
  (95, "Biology", 4),
  (96, "Higher Math", 4),
  (97, "Accounting", 4),
  (98, "Finance", 4),
  (99, "Babsayo Udyag", 4),
  (100, "Science", 4),
  (101, "History of Bangladesh and World", 4),
  (102, "Geography and Environment", 4),
  (103, "Economics", 4),
  (104, "Civics and Citizenship", 4),
  (105, "Islam Religion", 4),
  (106, "Hindu Religion", 4),
  (107, "Christian Religion", 4),
  (108, "Agriculture Studies", 4),
  (109, "Home Science", 4),
  (110, "Arts and Crafts", 4),

  #         class 8
  (111, "Bangla", 5),
  (112, "English", 5),
  (113, "Math", 5),
  (114, "Science", 5),
  (115, "ICT", 5),
  (116, "Bangladesh and Global Studies", 5),
  (117, "Agriculture Studies", 5),
  (118, "Home Science", 5),
  (119, "Islam Religion", 5),
  (120, "Hindu Religion", 5),
  (121, "Christian Religion", 5),
  (122, "Buddhist Religion", 5),

  #         class 7
  (123, "Bangla", 6),
  (124, "English", 6),
  (125, "Math", 6),
  (126, "Science", 6),
  (127, "ICT", 6),
  (128, "Bangladesh and Global Studies", 6),
  (129, "Agriculture Studies", 6),
  (130, "Home Science", 6),
  (131, "Islam Religion", 6),
  (132, "Hindu Religion", 6),
  (133, "Christian Religion", 6),
  (134, "Buddhist Religion", 6),

  #         class 6
  (135, "Bangla", 7),
  (136, "English", 7),
  (137, "Math", 7),
  (138, "Science", 7),
  (139, "ICT", 7),
  (140, "Bangladesh and Global Studies", 7),
  (141, "Agriculture Studies", 7),
  (142, "Home Science", 7),
  (143, "Islam Religion", 7),
  (144, "Hindu Religion", 7),
  (145, "Christian Religion", 7),
  (146, "Buddhist Religion", 7),

  #         class 5
  (147, "Bangla", 8),
  (148, "English", 8),
  (149, "Math", 8),
  (150, "Science", 8),
  (151, "Bangladesh and Global Studies", 8),
  (152, "Islam Religion", 8),
  (153, "Hindu Religion", 8),

  #         class 4
  (154, "Bangla", 9),
  (155, "English", 9),
  (156, "Math", 9),
  (157, "Science", 9),
  (158, "Bangladesh and Global Studies", 9),
  (159, "Islam Religion", 9),
  (160, "Hindu Religion", 9),

  #         class 3
  (161, "Bangla", 10),
  (162, "English", 10),
  (163, "Math", 10),
  (164, "Science", 10),
  (165, "Bangladesh and Global Studies", 10),
  (166, "Islam Religion", 10),
  (167, "Hindu Religion", 10),

  #         class 2
  (168, "Bangla", 11),
  (169, "English", 11),
  (170, "Math", 11),

  #         class 1
  (171, "Bangla", 12),
  (172, "Math", 12),

  #         Engineering Admission
  (173, "Physics", 13),
  (174, "Chemistry", 13),
  (175, "Math", 13),
  (176, "Biology", 13),
  (177, "English", 13),

  #         Medical Admission
  (178, "Physics", 14),
  (179, "Chemistry", 14),
  (180, "Math", 14),
  (181, "Biology", 14),
  (182, "English", 14),

  #         University Admission
  (183, "Physics", 15),
  (184, "Chemistry", 15),
  (185, "Math", 15),
  (186, "Biology", 15),
  (187, "English", 15),
  (188, "Bangla", 15),
  (189, "General Knowledge", 15),

  #         class 12 En
  (190, "Bangla", 16),
  (191, "English", 16),
  (192, "ICT", 16),
  (193, "Physics", 16),
  (194, "Chemistry", 16),
  (195, "Higher Math", 16),
  (196, "Biology", 16),
  (197, "Accounting", 16),
  (198, "Finance", 16),
  (199, "Marketing", 16),
  (200, "Management", 16),
  (201, "Statistics", 16),
  (202, "Computer", 16),
  (203, "Secretarial Science and Office Management", 16),
  (204, "Business Enterprises and Practical Management", 16),
  (205, "Business Policies and Applications", 16),
  (206, "Agriculture", 16),
  (207, "Geography", 16),
  (208, "History", 16),
  (209, "Sociology", 16),
  (210, "Social Work", 16),
  (211, "Islamic Studies", 16),
  (212, "Islamic History", 16),
  (213, "Economics", 16),
  (214, "Civics", 16),
  (215, "Logic", 16),
  (216, "Psychology", 16),
  (217, "Classical Music", 16),
  (218, "Dramatics", 16),
  (219, "Arts and Crafts", 16),
  (220, "Food and Nutrition", 16),
  (221, "Soil Science", 16),
  (222, "Tourism and Hospitality", 16),

  #         class 11 En
  (223, "Bangla", 17),
  (224, "English", 17),
  (225, "ICT", 17),
  (226, "Physics", 17),
  (227, "Chemistry", 17),
  (228, "Higher Math", 17),
  (229, "Biology", 17),
  (230, "Accounting", 17),
  (231, "Finance", 17),
  (232, "Marketing", 17),
  (233, "Management", 17),
  (234, "Statistics", 17),
  (235, "Computer", 17),
  (236, "Secretarial Science and Office Management", 17),
  (237, "Business Enterprises and Practical Management", 17),
  (238, "Business Policies and Applications", 17),
  (239, "Agriculture", 17),
  (240, "Geography", 17),
  (241, "History", 17),
  (242, "Sociology", 17),
  (243, "Social Work", 17),
  (244, "Islamic Studies", 17),
  (245, "Islamic History", 17),
  (246, "Economics", 17),
  (247, "Civics", 17),
  (248, "Logic", 17),
  (249, "Psychology", 17),
  (250, "Classical Music", 17),
  (251, "Dramatics", 17),
  (252, "Arts and Crafts", 17),
  (253, "Food and Nutrition", 17),
  (254, "Soil Science", 17),
  (255, "Tourism and Hospitality", 17),

  #         class 10 En
  (256, "Bangla", 18),
  (257, "English", 18),
  (258, "Math", 18),
  (259, "ICT", 18),
  (260, "Physics", 18),
  (261, "Chemistry", 18),
  (262, "Biology", 18),
  (263, "Higher Math", 18),
  (264, "Accounting", 18),
  (265, "Finance", 18),
  (266, "Babosay Udyag", 18),
  (267, "Science", 18),
  (268, "History of Bangladesh and World", 18),
  (269, "Geography and Environment", 18),
  (270, "Economics", 18),
  (271, "Civics and Citizenship", 18),
  (272, "Islam Religion", 18),
  (273, "Hindu Religion", 18),
  (274, "Christian Religion", 18),
  (275, "Agriculture Studies", 18),
  (276, "Home Science", 18),
  (277, "Arts and Crafts", 18),

  #         class 9 En
  (278, "Bangla", 19),
  (279, "English", 19),
  (280, "Math", 19),
  (281, "ICT", 19),
  (282, "Physics", 19),
  (283, "Chemistry", 19),
  (284, "Biology", 19),
  (285, "Higher Math", 19),
  (286, "Accounting", 19),
  (287, "Finance", 19),
  (288, "Babsayo Udyag", 19),
  (289, "Science", 19),
  (290, "History of Bangladesh and World", 19),
  (291, "Geography and Environment", 19),
  (292, "Economics", 19),
  (293, "Civics and Citizenship", 19),
  (294, "Islam Religion", 19),
  (295, "Hindu Religion", 19),
  (296, "Christian Religion", 19),
  (297, "Agriculture Studies", 19),
  (298, "Home Science", 19),
  (299, "Arts and Crafts", 19),

  #         class 8 En
  (300, "Bangla", 20),
  (301, "English", 20),
  (302, "Math", 20),
  (303, "Science", 20),
  (304, "ICT", 20),
  (305, "Bangladesh and Global Studies", 20),
  (306, "Agriculture Studies", 20),
  (307, "Home Science", 20),
  (308, "Islam Religion", 20),
  (309, "Hindu Religion", 20),
  (310, "Christian Religion", 20),
  (311, "Buddhist Religion", 20),

  #         class 7 En
  (312, "Bangla", 21),
  (313, "English", 21),
  (314, "Math", 21),
  (315, "Science", 21),
  (316, "ICT", 21),
  (317, "Bangladesh and Global Studies", 21),
  (318, "Agriculture Studies", 21),
  (319, "Home Science", 21),
  (320, "Islam Religion", 21),
  (321, "Hindu Religion", 21),
  (322, "Christian Religion", 21),
  (323, "Buddhist Religion", 21),

  #         class 6 En
  (324, "Bangla", 22),
  (325, "English", 22),
  (326, "Math", 22),
  (327, "Science", 22),
  (328, "ICT", 22),
  (329, "Bangladesh and Global Studies", 22),
  (330, "Agriculture Studies", 22),
  (331, "Home Science", 22),
  (332, "Islam Religion", 22),
  (333, "Hindu Religion", 22),
  (334, "Christian Religion", 22),
  (335, "Buddhist Religion", 22),

  #         class 5 En
  (336, "Bangla", 23),
  (337, "English", 23),
  (338, "Math", 23),
  (339, "Science", 23),
  (340, "Bangladesh and Global Studies", 23),
  (341, "Islam Religion", 23),
  (342, "Hindu Religion", 23),

  #         class 4 En
  (343, "Bangla", 24),
  (344, "English", 24),
  (345, "Math", 24),
  (346, "Science", 24),
  (347, "Bangladesh and Global Studies", 24),
  (348, "Islam Religion", 24),
  (349, "Hindu Religion", 24),

  #         class 3 En
  (350, "Bangla", 25),
  (351, "English", 25),
  (352, "Math", 25),
  (353, "Science", 25),
  (354, "Bangladesh and Global Studies", 25),
  (355, "Islam Religion", 25),
  (356, "Hindu Religion", 25),

  #         class 2 En
  (357, "Bangla", 26),
  (358, "English", 26),
  (359, "Math", 26),

  #         class 1 En
  (360, "Bangla", 27),
  (361, "Math", 27),

  #         Engineering Admission En
  (362, "Physics", 28),
  (363, "Chemistry", 28),
  (364, "Math", 28),
  (365, "Biology", 28),
  (366, "English", 28),

  #         Medical Admission En
  (367, "Physics", 29),
  (368, "Chemistry", 29),
  (369, "Math", 29),
  (370, "Biology", 29),
  (371, "English", 29),

  #         University Admission En
  (372, "Physics", 30),
  (373, "Chemistry", 30),
  (374, "Math", 30),
  (375, "Biology", 30),
  (376, "English", 30),
  (377, "Bangla", 30),
  (378, "General Knowledge", 30),

  #       A Level (A2)
  (379, "Physis", 31),
  (380, "Chemistry", 31),
  (381, "Math", 31),
  (382, "Biology", 31),
  (383, "English", 31),
  (384, "Accounting", 31),
  (385, "Business Studies", 31),
  (386, "Economics", 31),
  (387, "Statistics", 31),
  (388, "Computer", 31),
  (389, "Environmental Management", 31),
  (390, "Bangladesh Studies", 31),
  (391, "Law", 31),
  (392, "Art", 31),

  #       A Level (AS)
  (393, "Physis", 32),
  (394, "Chemistry", 32),
  (395, "Math", 32),
  (396, "Biology", 32),
  (397, "English", 32),
  (398, "Accounting", 32),
  (399, "Business Studies", 32),
  (400, "Economics", 32),
  (401, "Statistics", 32),
  (402, "Computer", 32),
  (403, "Environmental Management", 32),
  (404, "Bangladesh Studies", 32),
  (405, "Law", 32),
  (406, "Art", 32),

  #         O Level
  (407, "Physics", 33),
  (408, "Chemistry", 33),
  (409, "Math", 33),
  (410, "Biology", 33),
  (411, "English", 33),
  (412, "Bangla", 33),
  (413, "Accounting", 33),
  (414, "Business Studies", 33),
  (415, "Economics", 33),
  (416, "Commerce", 33),
  (417, "Computer", 33),
  (418, "Statistics", 33),
  (419, "Bangladesh Studies", 33),
  (420, "Environmental Management", 33),
  (421, "Art", 33),

  #         Standard 9
  (422, "Physics", 34),
  (423, "Chemistry", 34),
  (424, "Math", 34),
  (425, "Biology", 34),
  (426, "English", 34),
  (427, "Bangla", 34),
  (428, "Accounting", 34),
  (429, "Business Studies", 34),
  (430, "Economics", 34),
  (431, "Commerce", 34),
  (432, "Computer", 34),
  (433, "Statistics", 34),
  (434, "Bangladesh Studies", 34),
  (435, "Environmental Management", 34),
  (436, "Art", 34),

  #         Standard 8
  (437, "English", 35),
  (438, "Bangla", 35),
  (439, "Math", 35),
  (440, "Physics", 35),
  (441, "Chemistry", 35),
  (442, "Biology", 35),
  (443, "Computer", 35),
  (444, "Bangladesh Studies", 35),
  (445, "Accounting", 35),
  (446, "Business Studies", 35),
  (447, "Economics", 35),
  (448, "Commerce", 35),

  #         Standard 7
  (449, "English", 36),
  (450, "Bangla", 36),
  (451, "Math", 36),
  (452, "Physics", 36),
  (453, "Chemistry", 36),
  (454, "Biology", 36),
  (455, "ICT", 36),
  (456, "History", 36),
  (457, "Geography", 36),
  (458, "Bangladesh Studies", 36),
  (459, "Art", 36),

  #         Standard 6
  (460, "English", 37),
  (461, "Bangla", 37),
  (462, "Math", 37),
  (463, "Science", 37),
  (464, "ICT", 37),
  (465, "History", 37),
  (466, "Geography", 37),
  (467, "Bangladesh Studies", 37),
  (468, "Art", 37),

  #         Standard 5
  (469, "English", 38),
  (470, "Bangla", 38),
  (471, "Math", 38),
  (472, "Science", 38),
  (473, "ICT", 38),
  (474, "History", 38),
  (475, "Geography", 38),
  (476, "Bangladesh Studies", 38),
  (477, "Art", 38),

  #       Standard 4
  (478, "English", 39),
  (479, "Bangla", 39),
  (480, "Math", 39),
  (481, "Science", 39),
  (482, "Moral Science", 39),
  (483, "Computer Studies", 39),
  (484, "Social Studies", 39),
  (485, "Religious Studies", 39),
  (486, "History", 39),
  (487, "Geography", 39),
  (488, "Art", 39),

  #         Standard 3
  (489, "English", 40),
  (490, "Bangla", 40),
  (491, "Math", 40),
  (492, "Science", 40),
  (493, "Moral Science", 40),
  (494, "Computer Studies", 40),
  (495, "Religious Studies", 40),
  (496, "History", 40),
  (497, "Geography", 40),

  #         Standard 2
  (498, "English", 41),
  (499, "Bangla", 41),
  (500, "Math", 41),
  (501, "Science", 41),
  (502, "Moral Science", 41),
  (503, "Computer Studies", 41),
  (504, "Religious Studies", 41),

  #         Standard 1
  (505, "English", 42),
  (506, "Bangla", 42),
  (507, "Math", 42),
  (508, "Science", 42),
  (509, "Moral Science", 42),
  (510, "Religious Studies", 42),

  #         KG II
  (511, "English", 43),
  (512, "Bangla", 43),
  (513, "Math", 43),

  #         KG I
  (514, "English", 44),
  (515, "Bangla", 44),
  (516, "Math", 44),

  #         Nursery
  (517, "English", 45),
  (518, "Bangla", 45),
  (519, "Math", 45),

  #         Play
  (520, "English", 46),
  (521, "Bangla", 46),
  (522, "Math", 46);

DELETE FROM university;
INSERT INTO university(university_id, name, nickname)
VALUES (1, "Dhaka University", "DU"),
  (2, "BUET", "BUET"),
  (3, "Dhaka Medical College", "DMC"),
  (4, "Jahangirnagar University", "JU"),
  (5, "Jagannath University", "JnU"),
  (6, "Bangladesh University of Textiles", "BUTEX"),
  (7, "Sher-e-Bangla Agriculture University", "SAU"),
  (8, "Bangladesh University of Professionals", "BUP"),
  (9, "Sir Salimullah Medical College", "SSMC"),
  (10, "Shaheed Suhrawardy Medical College", "ShSMC"),
  (11, "Armed Forced Medical College", "AFMC"),
  (12, "Dhaka Dental College", "DDC"),
  (13, "Shaheed Suhrawardy Medical College Dental Unit", "ShSMC"),
  (14, "Sir Salimullah Medical College Dental Unit", "SSMC");

DELETE FROM department;
INSERT INTO department(department_id, name, university_id)
VALUES (1, "Bengali", 1),
  (2, "English", 1),
  (3, "Arabic", 1),
  (4, "Persian Language and Literature", 1),
  (5, "Urdu", 1),
  (6, "Sanskrit", 1),
  (7, "Pali and Buddhist Studies", 1),
  (8, "History", 1),
  (9, "Philosophy", 1),
  (10, "Islamic Studies", 1),
  (11, "Islamic History and Culture", 1),
  (12, "Information Science and Library Management", 1),
  (13, "Theatre and Performation Studies", 1),
  (14, "Linguistics", 1),
  (15, "Music", 1),
  (16, "World Religions and Culture", 1),
  (17, "Dance", 1),
  (18, "Physics", 1),
  (19, "Mathematics", 1),
  (20, "Chemistry", 1),
  (21, "Statistics", 1),
  (22, "Theoritical Physics", 1),
  (23, "Biomedical Physics and Technology", 1),
  (24, "Applied Mathematics", 1),
  (25, "Theoritical and Computational Chemistry", 1),
  (26, "Law", 1),
  (27, "Management", 1),
  (28, "Accounting and Information Systems", 1),
  (29, "Marketing", 1),
  (30, "Finance", 1),
  (31, "Banking and Insurance", 1),
  (32, "Management Information Systems", 1),
  (33, "International Business", 1),
  (34, "Tourism and Hospitality Management", 1),
  (35, "Organization Strategy and Leadership", 1),
  (36, "Economics", 1),
  (37, "Political Science", 1),
  (38, "International Relations", 1),
  (39, "Sociology", 1),
  (40, "Mass Communication and Journalism", 1),
  (41, "Public Administration", 1),
  (42, "Anthropology", 1),
  (43, "Population Science", 1),
  (44, "Peace and Conflict Studies", 1),
  (45, "Women and Gender Studies", 1),
  (46, "Development Studies", 1),
  (47, "Television, Film and Photography", 1),
  (48, "Criminology", 1),
  (49, "Communication Disorders", 1),
  (50, "Printing and Publication Studies", 1),
  (51, "Japanese Studies", 1),
  (52, "Soil, Water & Environment", 1),
  (53, "Botany", 1),
  (54, "Zoology", 1),
  (55, "Biochemistry and Molecular Biology", 1),
  (56, "Psychology", 1),
  (57, "Microbiology", 1),
  (58, "Fisheries", 1),
  (59, "Clinical Psychology", 1),
  (60, "Genetic Engineering and Biotechnology", 1),
  (61, "Educational and Counselling Psychology", 1),
  (62, "Pharmacy", 1),
  (63, "Geography & Envinronment", 1),
  (64, "Geology", 1),
  (65, "Oceanography", 1),
  (66, "Disaster Science and Management", 1),
  (67, "Meteorology", 1),
  (68, "Electrical and Electronic Engineering", 1),
  (69, "Applied Chemistry & Chemical Engineering", 1),
  (70, "Computer Science and Engineering", 1),
  (71, "Nuclear Engineering", 1),
  (72, "Robotics and Mechatronics Engineering", 1),
  (73, "Drawing and Painting", 1),
  (74, "Graphic Design", 1),
  (75, "Printmaking", 1),
  (76, "Oriental Art", 1),
  (77, "Ceramics", 1),
  (78, "Sculpture", 1),
  (79, "Craft", 1),
  (80, "History of Arts", 1),
  (81, "Software Engineering", 1),
  (82, "Institute of Education and Research", 1),
  (83, "Institute of Statical Research and Training", 1),
  (84, "Institute of Business Administration", 1),
  (85, "Institute of Nutrition and Food Science", 1),
  (86, "Institute of Social Welfare and Research", 1),
  (87, "Institure of Modern Languages", 1),
  (88, "Institute of Health Economics", 1),
  (89, "Institute of Energy", 1),
  (90, "Institute of Disaster Management and Vulnerability Studies", 1),
  (91, "Institute of Leather Engineering and Technology", 1),
  (92, "Confucius Institute", 1),

  #         BUET
  (93, "Chemical Engineering", 2),
  (94, "Materials and Metallurgical Engineering", 2),
  (95, "Civil Engineering", 2),
  (96, "Water Resources Engineering", 2),
  (97, "Mechanical Engineering", 2),
  (98, "Naval Architecture and Marine Engineering", 2),
  (99, "Industrial and Production Engineering", 2),
  (100, "Electrical and Electronic Engineering", 2),
  (101, "Computer Science and Engineering", 2),
  (102, "Biomedical Engineering", 2),
  (103, "Architecture", 2),
  (104, "Urban and Regional Planning", 2),

  #         DMC
  (105, "MBBS", 3),

  #         JU
  (106, "Archaeology", 4),
  (107, "Bangla", 4),
  (108, "Drama and Dramatics", 4),
  (109, "English", 4),
  (110, "History", 4),
  (111, "International Relations", 4),
  (112, "Philosophy", 4),
  (113, "Journalism and Media Studies", 4),
  (114, "Fine Arts", 4),
  (115, "Biochemistry and Molecular Biology", 4),
  (116, "Botany", 4),
  (117, "Biotechnology & Genetic Engineering", 4),
  (118, "Microbiology", 4),
  (119, "Pharmacy", 4),
  (120, "Public Health and Informatics", 4),
  (121, "Zoology", 4),
  (122, "Finance & Banking", 4),
  (123, "Management Studies", 4),
  (124, "Marketing", 4),
  (125, "Accounting and Information Systems", 4),
  (126, "Chemistry", 4),
  (127, "Computer Science and Engineering", 4),
  (128, "Environmental Sciences", 4),
  (129, "Geological Sciences", 4),
  (130, "Mathematics", 4),
  (131, "Physics", 4),
  (132, "Statistics", 4),
  (133, "Government and Politics", 4),
  (134, "Urban and Regional Planning", 4),
  (135, "Public Administration", 4),
  (136, "Anthropology", 4),
  (137, "Economics", 4),
  (138, "Geography & Environment", 4),
  (139, "Law & Justice", 4),
  (140, "Institute of Business Administration", 4),
  (141, "Institute of Information Technology", 4),
  (142, "Bangabandhu Institute of Comparative Literature and Culture", 4),
  (143, "Institute of Remote Sensing", 4),

  #         JnU
  (144, "Bangla", 5),
  (145, "English", 5),
  (146, "History", 5),
  (147, "Philosophy", 5),
  (148, "Islamic History & Culture", 5),
  (149, "Islamic Studies", 5),
  (150, "Music", 5),
  (151, "Theatre", 5),
  (152, "Fine Arts", 5),
  (153, "Physics", 5),
  (154, "Mathematics", 5),
  (155, "Chemistry", 5),
  (156, "Statistics", 5),
  (157, "Computer Science & Engineering", 5),
  (158, "Economics", 5),
  (159, "Political Science", 5),
  (160, "Sociology", 5),
  (161, "Social Work", 5),
  (162, "Anthropology", 5),
  (163, "Mass Communication and Journalism", 5),
  (164, "Public Administration", 5),
  (165, "Film and Television", 5),
  (166, "Accounting and Information System", 5),
  (167, "Management Studies", 5),
  (168, "Finance", 5),
  (169, "Marketing", 5),
  (170, "Law", 5),
  (171, "Land Law and Management", 5),
  (172, "Geography & Environment", 5),
  (173, "Botany", 5),
  (174, "Zoology", 5),
  (175, "Psychology", 5),
  (176, "Pharmacy", 5),
  (177, "Microbiology", 5),
  (178, "Biochemistry & Molecular Biology", 5),
  (179, "Genetic Engineering and Biotechnology", 5),
  (180, "Institute of Modern Language", 5),
  (181, "Institute of Education and Research", 5),

  #         BUTEX
  (182, "Yarn Engineering", 6),
  (183, "Fabric Engineering", 6),
  (184, "Wet Process Engineering", 6),
  (185, "Apparel Engineering", 6),
  (186, "Textile Engineering Management", 6),
  (187, "Textile Fashion and Design", 6),
  (188, "Industrial and Production Engineering", 6),
  (189, "Textile Machinery Design and Maintenance", 6),
  (190, "Dyes & Chemicals Engineering", 6),

  #         SAU
  (191, "Agriculture", 7),
  (192, "Agribusiness", 7),
  (193, "Veterinary Science and Animal Husbandry", 7),
  (194, "Agriculture Economics", 7),
  (195, "Fisheries and Aquaculture", 7),

  #         BUP
  (196, "BBA", 8),
  (197, "Finance & Banking", 8),
  (198, "Accounting & Information Systems", 8),
  (199, "Marketing", 8),
  (200, "Management Studies", 8),
  (201, "Economics", 8),
  (202, "English", 8),
  (203, "Development Studies", 8),
  (204, "Disaster and Human Security Management", 8),
  (205, "Public Administration", 8),
  (206, "Sociology", 8),
  (207, "International Relations", 8),
  (208, "LLB", 8),
  (209, "Mass Communication & Journalism", 8),
  (210, "Information and Communication Technology", 8),
  (211, "Environmental Science", 8),

  #         MBBS
  (212, "MBBS", 9),
  (213, "MBBS", 10),
  (214, "MBBS", 11),
  (215, "BDS", 12),
  (216, "BDS", 13),
  (217, "BDS", 14);

DELETE FROM area;
INSERT INTO area(area_id, name)
VALUES (1, "Adabor"),
  (2, "Badda"),
  (3, "Biman Bandar"),
  (4, "Bangshal"),
  (5, "Cantonment"),
  (6, "Chawkbazar"),
  (7, "Dakshinkhan"),
  (8, "Darus Salam"),
  (9, "Dhanmondi"),
  (10, "Demra"),
  (11, "Kotwali"),
  (12, "Gendaria"),
  (13, "Gulshan"),
  (14, "Hazaribagh"),
  (15, "Jatrabari"),
  (16, "Kadamtali"),
  (17, "Kafrul"),
  (18, "Kalabagan"),
  (19, "Kamringir Char"),
  (20, "Khilkhet"),
  (21, "Khilgaon"),
  (22, "Lalbagh"),
  (23, "Mirpur"),
  (24, "Mohammadpur"),
  (25, "Motijheel"),
  (26, "New Market"),
  (27, "Pallabi"),
  (28, "Paltan"),
  (29, "Ramna"),
  (30, "Rampura"),
  (31, "Sabujbagh"),
  (32, "Shah Ali"),
  (33, "Shahbagh"),
  (34, "Shahjahanpur"),
  (35, "Sher-e-Bangla Nagor"),
  (36, "Shyampur"),
  (37, "Sutrapur"),
  (38, "Tejgaon"),
  (39, "Tejgaon Industrial Area"),
  (40, "Turag"),
  (41, "Uttar Khan"),
  (42, "Uttara");